{
  "experiment": "gap2_rmt_eigenvalue",
  "description": "RMT+GELU eigenvalue measurement at initialization",
  "widths": [
    32,
    64,
    128,
    256,
    512
  ],
  "depth": 4,
  "n_seeds": 5,
  "n_iterations": 20,
  "fit_lambda_max": {
    "a": 3.1828880537147133,
    "b": 0.47979846113095687,
    "R2": 0.9999155435841509,
    "std_err": 0.002545850441893429,
    "expected_b": 0.26,
    "relative_error_pct": 84.53786966575262
  },
  "fit_D_eff": {
    "c": 0.5604964107446427,
    "d": 0.9264053076106259,
    "R2": 0.9997305458205341,
    "std_err": 0.008780947659410216,
    "expected_d": 0.48,
    "relative_error_pct": 93.00110575221373
  },
  "per_width": {
    "32": {
      "lambda_max_mean": 16.886595783233645,
      "lambda_max_std": 0.2064700297067794,
      "D_eff_mean": 14.134245689144397,
      "D_eff_std": 0.3070653004937347,
      "per_seed_lambda_max": [
        16.781762886047364,
        16.73873128890991,
        16.77575817108154,
        17.294119453430177,
        16.84260711669922
      ],
      "per_seed_D_eff": [
        14.21339644072844,
        14.52902848687161,
        14.033113237000507,
        13.609016944362654,
        14.286673336758772
      ]
    },
    "64": {
      "lambda_max_mean": 23.28671279907227,
      "lambda_max_std": 0.07989752815377504,
      "D_eff_mean": 26.256677692754828,
      "D_eff_std": 0.29035567624355973,
      "per_seed_lambda_max": [
        23.33566951751709,
        23.316867637634278,
        23.133809280395507,
        23.35903396606445,
        23.28818359375
      ],
      "per_seed_D_eff": [
        26.49937655508156,
        25.959212235007772,
        26.613623119957463,
        25.880779918347592,
        26.33039663537973
      ]
    },
    "128": {
      "lambda_max_mean": 32.56146228790283,
      "lambda_max_std": 0.1027637982224945,
      "D_eff_mean": 49.105574944057665,
      "D_eff_std": 0.5421074495327028,
      "per_seed_lambda_max": [
        32.55231227874756,
        32.726416397094724,
        32.50770606994629,
        32.4171329498291,
        32.60374374389649
      ],
      "per_seed_D_eff": [
        48.91802858932705,
        48.315415517540046,
        49.50395108341286,
        49.886850339702974,
        48.90362919030537
      ]
    },
    "256": {
      "lambda_max_mean": 45.429354934692384,
      "lambda_max_std": 0.19061862135342766,
      "D_eff_mean": 94.88641485757299,
      "D_eff_std": 0.7479959291441017,
      "per_seed_lambda_max": [
        45.43803520202637,
        45.5528060913086,
        45.061746978759764,
        45.588935470581056,
        45.50525093078613
      ],
      "per_seed_D_eff": [
        94.72520313243739,
        94.97028095639973,
        96.20244478307049,
        93.9028182324441,
        94.63132718351319
      ]
    },
    "512": {
      "lambda_max_mean": 63.767084274291996,
      "lambda_max_std": 0.2598698702659227,
      "D_eff_mean": 184.36116020713544,
      "D_eff_std": 1.3533194427858548,
      "per_seed_lambda_max": [
        63.49388885498047,
        63.79544906616211,
        63.89459571838379,
        63.47999801635742,
        64.17148971557617
      ],
      "per_seed_D_eff": [
        186.37416926843142,
        183.7205555141508,
        184.99245141776802,
        184.42909303499022,
        182.2895318003368
      ]
    }
  }
}