{
  "tas_results": {
    "ThermoNet-3": {
      "group": "G1",
      "params": 1055946,
      "alpha": 0.23104906018664842,
      "J_topo": 1.3862943611198906,
      "eta_product": 4.0,
      "expansion_factor": 3.3333333333333335,
      "avg_smoothness": 0.2892155300148509,
      "C1_pass": true,
      "C2_pass": true,
      "num_layers": 6
    },
    "ThermoNet-5": {
      "group": "G1",
      "params": 2133450,
      "alpha": 0.04462871026284195,
      "J_topo": 0.44628710262841953,
      "eta_product": 1.5625,
      "expansion_factor": 3.3333333333333335,
      "avg_smoothness": 0.2961892763054685,
      "C1_pass": true,
      "C2_pass": true,
      "num_layers": 10
    },
    "ThermoNet-7": {
      "group": "G1",
      "params": 2710986,
      "alpha": 0.037190591885701625,
      "J_topo": 0.44628710262841953,
      "eta_product": 1.5625,
      "expansion_factor": 3.3333333333333335,
      "avg_smoothness": 0.3911382803774398,
      "C1_pass": true,
      "C2_pass": true,
      "num_layers": 12
    },
    "ThermoNet-9": {
      "group": "G1",
      "params": 1309002,
      "alpha": 0.04958745584760217,
      "J_topo": 0.44628710262841953,
      "eta_product": 1.5625,
      "expansion_factor": 3.3333333333333335,
      "avg_smoothness": 0.36992434313630357,
      "C1_pass": true,
      "C2_pass": true,
      "num_layers": 9
    },
    "ThermoBot-3": {
      "group": "G2",
      "params": 1008970,
      "alpha": 0.31571608053853195,
      "J_topo": 2.5257286443082556,
      "eta_product": 12.5,
      "expansion_factor": 3.3333333333333335,
      "avg_smoothness": 0.23596126014987628,
      "C1_pass": true,
      "C2_pass": true,
      "num_layers": 8
    },
    "ThermoBot-5": {
      "group": "G2",
      "params": 1434570,
      "alpha": 0.04462871026284195,
      "J_topo": 0.44628710262841953,
      "eta_product": 1.5625,
      "expansion_factor": 3.3333333333333335,
      "avg_smoothness": 0.3208103060330215,
      "C1_pass": true,
      "C2_pass": true,
      "num_layers": 10
    },
    "ThermoBot-7": {
      "group": "G2",
      "params": 2401418,
      "alpha": 0.08764879101448961,
      "J_topo": 1.1394342831883648,
      "eta_product": 3.125,
      "expansion_factor": 3.3333333333333335,
      "avg_smoothness": 0.017721368819475173,
      "C1_pass": true,
      "C2_pass": true,
      "num_layers": 13
    },
    "ThermoBot-9": {
      "group": "G2",
      "params": 2811018,
      "alpha": 0.0813881630848832,
      "J_topo": 1.1394342831883648,
      "eta_product": 3.125,
      "expansion_factor": 3.3333333333333335,
      "avg_smoothness": 0.01805928425380477,
      "C1_pass": true,
      "C2_pass": true,
      "num_layers": 14
    },
    "ReLUFurnace-3": {
      "group": "G3",
      "params": 76298,
      "alpha": 0.11157177565710488,
      "J_topo": 0.44628710262841953,
      "eta_product": 1.5625,
      "expansion_factor": 3.3333333333333335,
      "avg_smoothness": 0.09861163422465324,
      "C1_pass": true,
      "C2_pass": true,
      "num_layers": 4
    },
    "ReLUFurnace-5": {
      "group": "G3",
      "params": 150154,
      "alpha": 0.07438118377140325,
      "J_topo": 0.44628710262841953,
      "eta_product": 1.5625,
      "expansion_factor": 3.3333333333333335,
      "avg_smoothness": 0.0675111711025238,
      "C1_pass": true,
      "C2_pass": true,
      "num_layers": 6
    },
    "ReLUFurnace-7": {
      "group": "G3",
      "params": 224010,
      "alpha": 0.05578588782855244,
      "J_topo": 0.44628710262841953,
      "eta_product": 1.5625,
      "expansion_factor": 3.3333333333333335,
      "avg_smoothness": 0.0605216477997601,
      "C1_pass": true,
      "C2_pass": true,
      "num_layers": 8
    },
    "ReLUFurnace-9": {
      "group": "G3",
      "params": 297866,
      "alpha": 0.04462871026284195,
      "J_topo": 0.44628710262841953,
      "eta_product": 1.5625,
      "expansion_factor": 3.3333333333333335,
      "avg_smoothness": 0.05461600460112095,
      "C1_pass": true,
      "C2_pass": true,
      "num_layers": 10
    },
    "ResNet-18-CIFAR": {
      "group": "G4",
      "params": 11173962,
      "alpha": 0.19804205158855578,
      "J_topo": 4.1588830833596715,
      "eta_product": 64.0,
      "expansion_factor": 3.3333333333333335,
      "avg_smoothness": 0.058495563795653786,
      "C1_pass": true,
      "C2_pass": true,
      "num_layers": 21
    },
    "VGG-11-CIFAR": {
      "group": "G4",
      "params": 4509450,
      "alpha": 0.29706307738283366,
      "J_topo": 2.0794415416798357,
      "eta_product": 8.0,
      "expansion_factor": 3.3333333333333335,
      "avg_smoothness": 0.1114295909467798,
      "C1_pass": true,
      "C2_pass": true,
      "num_layers": 7
    },
    "DenseNet-40-CIFAR": {
      "group": "G4",
      "params": 486778,
      "alpha": 0.30297172276237444,
      "J_topo": 23.025850929940457,
      "eta_product": 1e-10,
      "expansion_factor": 3.3333333333333335,
      "avg_smoothness": 0.03829212726161227,
      "C1_pass": false,
      "C2_pass": true,
      "num_layers": 76
    }
  },
  "d_manifold": {
    "pca_90": 55.0,
    "pca_95": 59.0,
    "pca_99": 63.0,
    "tas_pca_90": 55.0,
    "tas_pca_95": 59.0,
    "tas_pca_99": 63.0,
    "tas_levina_k10": 184.11077880859375,
    "tas_levina_k20": 149.6776580810547,
    "d_separable_95": 9.0
  }
}