{
  "timestamp": "2026-03-31T21:30:59.702947",
  "task_params": {
    "d_manifold": 20,
    "d_task": 18,
    "s_smoothness": 0.5,
    "noise_std": 0.1,
    "beta_theory": 0.027777777777777776
  },
  "dataset_sizes": [
    500,
    1000,
    2000,
    4000,
    8000
  ],
  "training": {
    "epochs": 200,
    "lr": 0.001,
    "batch_size": 64
  },
  "results": [
    {
      "name": "h10_L1_s1.0",
      "J_init": 0.22166950387954895,
      "J_final": 0.12512615828233373,
      "final_loss": 0.009880010038614273,
      "beta_fit": {
        "beta": 0.5499490343492446,
        "B": 0.06405650418532521,
        "E": 0.010000032021135597,
        "R2": 0.9426569538190084,
        "data": [
          [
            500.0,
            0.012387880124151707
          ],
          [
            1000.0,
            0.011368464678525925
          ],
          [
            2000.0,
            0.010759756900370121
          ],
          [
            4000.0,
            0.010625706985592842
          ],
          [
            8000.0,
            0.01049942895770073
          ]
        ]
      }
    }
  ],
  "full_results": [
    {
      "name": "h10_L1_s1.0",
      "config": {
        "d_hidden": 10,
        "n_layers": 1,
        "init_scale": 1.0,
        "J_init": 0.22166950387954895
      },
      "J_init": 0.22166950387954895,
      "J_final": 0.12512615828233373,
      "eta_final": [
        0.12512615828233375
      ],
      "final_loss": 0.009880010038614273,
      "d_scaling": [
        {
          "D": 500,
          "loss": 0.012387880124151707,
          "final_loss": 0.012594213709235191,
          "losses": [
            0.06843365728855133,
            0.034677766263484955,
            0.016839835792779922,
            0.012782972306013107,
            0.012441792525351048,
            0.012387880124151707,
            0.01239872444421053,
            0.012400945648550987,
            0.012416503392159939,
            0.012457258999347687,
            0.012514428235590458,
            0.0125335194170475,
            0.012563095428049564,
            0.01256517879664898,
            0.012571959756314754,
            0.012576923705637455,
            0.012586338445544243,
            0.012588308192789555,
            0.012592016719281673,
            0.012593887746334076,
            0.012594213709235191
          ],
          "r2": 0.6933453052122898
        },
        {
          "D": 1000,
          "loss": 0.011368464678525925,
          "final_loss": 0.011507488787174225,
          "losses": [
            0.12492042779922485,
            0.014567478559911251,
            0.012133789248764515,
            0.011780401691794395,
            0.011581413447856903,
            0.011478903703391552,
            0.011400098912417889,
            0.011368464678525925,
            0.011383877135813236,
            0.011400883086025715,
            0.011424842290580273,
            0.011432792991399765,
            0.011448783800005913,
            0.011470970697700977,
            0.011488600634038448,
            0.011491123586893082,
            0.011499016545712948,
            0.011500963941216469,
            0.011506753042340279,
            0.01150749996304512,
            0.011507488787174225
          ],
          "r2": 0.7185803458979366
        },
        {
          "D": 2000,
          "loss": 0.010759756900370121,
          "final_loss": 0.011097376234829426,
          "losses": [
            0.12409179657697678,
            0.011193105950951576,
            0.010838216170668602,
            0.010759756900370121,
            0.010782706551253796,
            0.010851064696907997,
            0.010888335295021534,
            0.010959628969430923,
            0.010940024629235268,
            0.010976284742355347,
            0.011008357629179955,
            0.011025563813745975,
            0.01105224248021841,
            0.011064018122851849,
            0.011072661727666855,
            0.011087775230407715,
            0.011092321015894413,
            0.011088434606790543,
            0.011096254922449589,
            0.011096887290477753,
            0.011097376234829426
          ],
          "r2": 0.733648546618684
        },
        {
          "D": 4000,
          "loss": 0.010625706985592842,
          "final_loss": 0.010804709978401661,
          "losses": [
            0.04580710083246231,
            0.010646763257682323,
            0.010625706985592842,
            0.010661567561328411,
            0.010654798708856106,
            0.010667773894965649,
            0.01073191873729229,
            0.010743694379925728,
            0.010779990814626217,
            0.010765433311462402,
            0.010773878544569016,
            0.010801429860293865,
            0.010804304853081703,
            0.010806365869939327,
            0.010807248763740063,
            0.010803215205669403,
            0.010802161879837513,
            0.010802445001900196,
            0.010803572833538055,
            0.01080528274178505,
            0.010804709978401661
          ],
          "r2": 0.7369668670615317
        },
        {
          "D": 8000,
          "loss": 0.01049942895770073,
          "final_loss": 0.010586133226752281,
          "losses": [
            0.10468870401382446,
            0.011011699214577675,
            0.010614129714667797,
            0.01049942895770073,
            0.010531189851462841,
            0.010523182339966297,
            0.010562261566519737,
            0.010552044957876205,
            0.010574468411505222,
            0.010600891895592213,
            0.010556766763329506,
            0.010587435215711594,
            0.010587449185550213,
            0.010586592368781567,
            0.010575789026916027,
            0.010589711368083954,
            0.010581140406429768,
            0.010581482201814651,
            0.01058462355285883,
            0.0105857253074646,
            0.010586133226752281
          ],
          "r2": 0.7400928146867738
        }
      ],
      "beta_fit": {
        "beta": 0.5499490343492446,
        "B": 0.06405650418532521,
        "E": 0.010000032021135597,
        "R2": 0.9426569538190084,
        "data": [
          [
            500.0,
            0.012387880124151707
          ],
          [
            1000.0,
            0.011368464678525925
          ],
          [
            2000.0,
            0.010759756900370121
          ],
          [
            4000.0,
            0.010625706985592842
          ],
          [
            8000.0,
            0.01049942895770073
          ]
        ]
      }
    }
  ]
}